vendor_id,raw_score,z_avg_score,rank,composite_score,reliability_coef,final_score
A,3.0103,3.0030056997842935,3.0,1.203562849892147,,
B,2.99895,2.9905768816685425,4.0,0.8950784408342712,,
C,3.0075499999999997,3.0033259072229663,1.0,1.803172953611483,,
D,3.0059500000000003,3.003091511324197,2.0,1.5027357556620986,,
