vendor_id,x,y,respondent_count
A,3.0352,3.0067999999999997,1000
B,3.0042,2.981,1000
C,3.039,3.0092000000000003,1000
D,3.0256,3.0034,1000
