vendor_id,x,y,respondent_count
A,2.9816000000000003,3.0352,1000
B,3.0119999999999996,3.0042,1000
C,2.9972000000000003,3.039,1000
D,2.9904,3.0256,1000
