vendor_id,x,y,respondent_count
A,3.0352,3.0176000000000003,1000
B,3.0042,2.9986000000000006,1000
C,3.039,2.9848000000000003,1000
D,3.0256,3.0043999999999995,1000
