vendor_id,x,y,respondent_count
A,2.9816000000000003,3.0176000000000003,1000
B,3.0119999999999996,2.9986000000000006,1000
C,2.9972000000000003,2.9848000000000003,1000
D,2.9904,3.0043999999999995,1000
