vendor_id,x,y,respondent_count
A,3.0176000000000003,3.0067999999999997,1000
B,2.9986000000000006,2.981,1000
C,2.9848000000000003,3.0092000000000003,1000
D,3.0043999999999995,3.0034,1000
