vendor_id,x,y,respondent_count
A,2.9816000000000003,3.0067999999999997,1000
B,3.0119999999999996,2.981,1000
C,2.9972000000000003,3.0092000000000003,1000
D,2.9904,3.0034,1000
