respondent_group,vendor_id,avg_score,rank
standard,A,3.136068702290076,1
standard,B,3.1297709923664123,2
standard,C,3.127958015267175,3
standard,D,3.108587786259542,4
strict,D,2.8929621848739497,1
strict,C,2.875,2
strict,A,2.871848739495798,3
strict,B,2.854936974789916,4
