incident_experience,vendor_id,avg_score,rank
False,D,3.006764705882353,1
False,A,3.006470588235294,2
False,C,3.0058823529411764,3
False,B,2.9921568627450976,4
True,A,3.0142857142857142,1
True,C,3.0092857142857143,2
True,B,3.0060204081632653,3
True,D,3.0051020408163263,4
