dept_category,vendor_id,avg_score,rank
IT部門,C,3.02906976744186,1
IT部門,B,3.015406976744186,2
IT部門,A,3.0005813953488376,3
IT部門,D,2.992732558139535,4
営業部門,A,3.005,1
営業部門,B,3.001875,2
営業部門,C,3.0012499999999998,3
営業部門,D,3.0,4
業務部門,A,3.0140718562874254,1
業務部門,D,3.0107784431137725,2
業務部門,C,3.003517964071856,3
業務部門,B,2.994011976047904,4
