usage_frequency,vendor_id,avg_score,rank
high,A,3.012866449511401,1
high,C,3.00700325732899,2
high,B,2.9876221498371334,3
high,D,2.9871335504885996,4
low,D,3.005758426966292,1
low,A,3.005196629213483,2
low,C,2.999297752808989,3
low,B,2.9919943820224715,4
medium,D,3.023293768545994,1
medium,C,3.0167655786350145,2
medium,B,3.0166172106824924,3
medium,A,3.0133531157270026,4
