vendor_id,weighted_score
A,3.00866
B,3.0023299999999997
C,3.00906
D,3.0057099999999997
